,NASDX_ROI,IVV_ROI,VFIAX_ROI,VTSAX_ROI,QQQ_ROI,SWPPX_ROI,SWTSX_ROI,FXAIX_ROI,DIA_ROI,VUG_ROI,SPY_ROI,VOO_ROI,VTWO_ROI
0,-0.17809599071139912,-0.21769107491853407,-0.2890864525650875,-0.2532513445293089,-0.2280229729706121,-0.32675180927287817,-0.2522350715501358,-0.2746357621785286,-0.41696661394039386,-0.2436211375938251,-0.21318484091205075,-0.2315396052071043,0.168995654904274
